scenario,family,label,attack_type,full_decision,expected_full,static_range,fsm,fsm_temporal,full_framework
authorized_setpoint,normal,benign,none,ALLOW,ALLOW,ALLOW,ALLOW,ALLOW,ALLOW
approved_maintenance,normal,benign,none,ALLOW,ALLOW,ALLOW,ALLOW,ALLOW,ALLOW
operator_adjustment,normal,benign,none,ALLOW,ALLOW,ALLOW,ALLOW,ALLOW,ALLOW
unknown_workstation,unauthorized,attack,unknown_host,BLOCK,BLOCK,ALLOW,ALLOW,ALLOW,BLOCK
unauthorized_identity,unauthorized,attack,unknown_identity,BLOCK,BLOCK,ALLOW,ALLOW,ALLOW,BLOCK
expired_approval,unauthorized,attack,expired_approval,HOLD,HOLD,ALLOW,ALLOW,ALLOW,HOLD
wrong_plc_approval,unauthorized,attack,wrong_plc,REQUIRE_APPROVAL,REQUIRE_APPROVAL,ALLOW,ALLOW,ALLOW,REQUIRE_APPROVAL
wrong_parameter,unauthorized,attack,wrong_parameter,REQUIRE_APPROVAL,REQUIRE_APPROVAL,ALLOW,ALLOW,ALLOW,REQUIRE_APPROVAL
out_of_range,safety,attack,out_of_range,BLOCK,BLOCK,BLOCK,BLOCK,BLOCK,BLOCK
wrong_state,safety,attack,wrong_state,BLOCK,BLOCK,ALLOW,BLOCK,BLOCK,BLOCK
unsafe_combination,safety,attack,unsafe_combination,BLOCK,BLOCK,ALLOW,BLOCK,BLOCK,BLOCK
slow_ramp,stealth,attack,slow_ramp,BLOCK,BLOCK,ALLOW,ALLOW,BLOCK,BLOCK
invalid_transition,safety,attack,invalid_transition,BLOCK,BLOCK,ALLOW,BLOCK,BLOCK,BLOCK
replay,stealth,attack,replay,BLOCK,BLOCK,ALLOW,ALLOW,ALLOW,BLOCK
cross_plc_conflict,multi_plc,attack,cross_plc,BLOCK,BLOCK,ALLOW,BLOCK,BLOCK,BLOCK
compromised_host_no_ticket,compromised_trusted_host,attack,missing_intent,REQUIRE_APPROVAL,REQUIRE_APPROVAL,ALLOW,ALLOW,ALLOW,REQUIRE_APPROVAL
temp_and_pressure,multi_variable,attack,temp_pressure,BLOCK,BLOCK,ALLOW,BLOCK,BLOCK,BLOCK
